model,best_val_loss,final_train_loss,final_val_loss,mse_mx,mse_my,mse_mz,mse_total,mean_error_norm,train_time_sec,num_parameters
cnn_angle_conditioned,0.3243942594528198,0.31995814338326456,0.3243942594528198,0.1254909935593605,0.12102307975292206,0.7153223943710327,0.3206121587753296,0.9668197560310364,7049.311119794846,170891
unet_angle_conditioned,0.20702051103115082,0.12048410546034574,0.21490895628929138,0.12525629341602326,0.12103503942489624,0.3594799917936325,0.20192377805709838,0.5920186114311218,5451.199793815613,1999723
transformer_self_attention_angle_conditioned,0.2706216126680374,0.26092953853309153,0.2706216126680374,0.12533022210001946,0.12107108235359192,0.5407400751113891,0.26238046288490297,0.7988828706741333,1661.882159948349,985059
fno_angle_conditioned,0.2631510037183762,0.08750762641429902,0.3053957545757294,0.12530343532562255,0.12110820367932319,0.5277224445343017,0.25804469287395476,0.7842050433158875,3682.174814939499,7092747
neural_ode_angle_conditioned,0.29091647565364837,0.27344043292105197,0.29091647565364837,0.12522011414170264,0.12103468716144562,0.5990831542015076,0.2817793130874634,0.8626371192932129,82575.41707205772,175691
